{
  "device": "cuda",
  "smoke_test": false,
  "max_epochs": 100,
  "callbacks": {
    "early_stopping_patience": 15,
    "reduce_lr_patience": 8,
    "reduce_lr_factor": 0.5,
    "min_lr": 1e-06
  },
  "models": [
    "tapinn",
    "standard_pinn",
    "hyperpinn",
    "deeponet",
    "fno"
  ],
  "comparison_groups": {
    "tapinn": "physics_trained",
    "standard_pinn": "physics_trained",
    "hyperpinn": "physics_trained",
    "deeponet": "physics_trained",
    "fno": "supervised_only"
  },
  "summary": [
    {
      "problem": "allen_cahn",
      "model": "tapinn",
      "comparison_group": "physics_trained",
      "param_count": 16361,
      "data_mse_mean": 0.19937744736671448,
      "data_mse_std": 0.018535490287095627,
      "physics_residual_mean": 0.06237853802740574,
      "physics_residual_std": 0.012830156156050881,
      "epochs_trained_mean": 39.0,
      "epochs_trained_std": 4.527692569068709,
      "seconds_per_epoch_mean": 0.040826945496186005,
      "inference_ms_mean": 0.27042160218115896
    },
    {
      "problem": "allen_cahn",
      "model": "standard_pinn",
      "comparison_group": "physics_trained",
      "param_count": 8641,
      "data_mse_mean": 0.13024931848049165,
      "data_mse_std": 0.0365693666409669,
      "physics_residual_mean": 0.023372168932110072,
      "physics_residual_std": 0.008868068752083525,
      "epochs_trained_mean": 59.8,
      "epochs_trained_std": 25.381095327034252,
      "seconds_per_epoch_mean": 0.03059521451204982,
      "inference_ms_mean": 0.16774859832366928
    },
    {
      "problem": "allen_cahn",
      "model": "hyperpinn",
      "comparison_group": "physics_trained",
      "param_count": 40225,
      "data_mse_mean": 0.07237717360258103,
      "data_mse_std": 0.017293422839774086,
      "physics_residual_mean": 0.013203876605257393,
      "physics_residual_std": 0.0028568251177236276,
      "epochs_trained_mean": 80.0,
      "epochs_trained_std": 14.508618128546908,
      "seconds_per_epoch_mean": 0.03250236193603997,
      "inference_ms_mean": 0.2558876512921415
    },
    {
      "problem": "allen_cahn",
      "model": "deeponet",
      "comparison_group": "physics_trained",
      "param_count": 45504,
      "data_mse_mean": 0.12672699242830276,
      "data_mse_std": 0.040201322303545194,
      "physics_residual_mean": 0.041463601123541596,
      "physics_residual_std": 0.019990861966792423,
      "epochs_trained_mean": 49.8,
      "epochs_trained_std": 30.14465126684998,
      "seconds_per_epoch_mean": 0.031527145401499236,
      "inference_ms_mean": 0.19306700123706833
    },
    {
      "problem": "allen_cahn",
      "model": "fno",
      "comparison_group": "supervised_only",
      "param_count": 44257,
      "data_mse_mean": 0.06409162059426307,
      "data_mse_std": 0.008447964946487252,
      "physics_residual_mean": 15.332886886596679,
      "physics_residual_std": 3.593965552781106,
      "epochs_trained_mean": 100.0,
      "epochs_trained_std": 0.0,
      "seconds_per_epoch_mean": 0.02009432214766275,
      "inference_ms_mean": 0.306144701607991
    },
    {
      "problem": "burgers",
      "model": "tapinn",
      "comparison_group": "physics_trained",
      "param_count": 16361,
      "data_mse_mean": 0.09163608700037003,
      "data_mse_std": 0.008663264867389626,
      "physics_residual_mean": 1.1326127015054226,
      "physics_residual_std": 0.6124978069678656,
      "epochs_trained_mean": 37.8,
      "epochs_trained_std": 16.513630733427462,
      "seconds_per_epoch_mean": 0.0348642595198735,
      "inference_ms_mean": 0.2692954512895085
    },
    {
      "problem": "burgers",
      "model": "standard_pinn",
      "comparison_group": "physics_trained",
      "param_count": 8641,
      "data_mse_mean": 0.0752429261803627,
      "data_mse_std": 0.012505858790284874,
      "physics_residual_mean": 0.420823504216969,
      "physics_residual_std": 0.19759833339568506,
      "epochs_trained_mean": 41.6,
      "epochs_trained_std": 17.06751299984857,
      "seconds_per_epoch_mean": 0.028822995098346835,
      "inference_ms_mean": 0.14048405137145892
    },
    {
      "problem": "burgers",
      "model": "hyperpinn",
      "comparison_group": "physics_trained",
      "param_count": 40225,
      "data_mse_mean": 0.06625598557293415,
      "data_mse_std": 0.0333455868862603,
      "physics_residual_mean": 0.6561322398949414,
      "physics_residual_std": 0.6903848305900083,
      "epochs_trained_mean": 55.6,
      "epochs_trained_std": 30.680612770934026,
      "seconds_per_epoch_mean": 0.03046953454999765,
      "inference_ms_mean": 0.1939779016538523
    },
    {
      "problem": "burgers",
      "model": "deeponet",
      "comparison_group": "physics_trained",
      "param_count": 45504,
      "data_mse_mean": 0.06809243336319923,
      "data_mse_std": 0.008862610140430787,
      "physics_residual_mean": 0.24331282041966915,
      "physics_residual_std": 0.1301249169993707,
      "epochs_trained_mean": 38.0,
      "epochs_trained_std": 11.313708498984761,
      "seconds_per_epoch_mean": 0.02886599296764722,
      "inference_ms_mean": 0.16697940009180456
    },
    {
      "problem": "burgers",
      "model": "fno",
      "comparison_group": "supervised_only",
      "param_count": 44257,
      "data_mse_mean": 0.03295497819781303,
      "data_mse_std": 0.010333566186108105,
      "physics_residual_mean": 6.687142324447632,
      "physics_residual_std": 2.1129854093672487,
      "epochs_trained_mean": 100.0,
      "epochs_trained_std": 0.0,
      "seconds_per_epoch_mean": 0.01884635478112614,
      "inference_ms_mean": 0.38725699996575713
    },
    {
      "problem": "kuramoto_sivashinsky",
      "model": "tapinn",
      "comparison_group": "physics_trained",
      "param_count": 16361,
      "data_mse_mean": 0.01029586922377348,
      "data_mse_std": 0.002932675523946951,
      "physics_residual_mean": 0.07085269547533243,
      "physics_residual_std": 0.03898942717082116,
      "epochs_trained_mean": 65.2,
      "epochs_trained_std": 23.931151246858143,
      "seconds_per_epoch_mean": 0.056661354927850724,
      "inference_ms_mean": 0.2718585994443856
    },
    {
      "problem": "kuramoto_sivashinsky",
      "model": "standard_pinn",
      "comparison_group": "physics_trained",
      "param_count": 8641,
      "data_mse_mean": 0.008062044437974692,
      "data_mse_std": 0.00230026004846533,
      "physics_residual_mean": 0.03508033610414714,
      "physics_residual_std": 0.028601999907427293,
      "epochs_trained_mean": 49.4,
      "epochs_trained_std": 21.686401268998043,
      "seconds_per_epoch_mean": 0.07501830993604576,
      "inference_ms_mean": 0.14881144888931885
    },
    {
      "problem": "kuramoto_sivashinsky",
      "model": "hyperpinn",
      "comparison_group": "physics_trained",
      "param_count": 40225,
      "data_mse_mean": 0.007543630246073007,
      "data_mse_std": 0.0023110094228394242,
      "physics_residual_mean": 0.02115192838246003,
      "physics_residual_std": 0.024137700405389494,
      "epochs_trained_mean": 56.4,
      "epochs_trained_std": 23.071627597549334,
      "seconds_per_epoch_mean": 0.05627261904079072,
      "inference_ms_mean": 0.18025934841716662
    },
    {
      "problem": "kuramoto_sivashinsky",
      "model": "deeponet",
      "comparison_group": "physics_trained",
      "param_count": 45504,
      "data_mse_mean": 0.003202482662163675,
      "data_mse_std": 0.0031937686480795003,
      "physics_residual_mean": 0.017544321750756355,
      "physics_residual_std": 0.023614954112131936,
      "epochs_trained_mean": 84.4,
      "epochs_trained_std": 21.77842969545784,
      "seconds_per_epoch_mean": 0.05216964534015583,
      "inference_ms_mean": 0.1855702983448282
    },
    {
      "problem": "kuramoto_sivashinsky",
      "model": "fno",
      "comparison_group": "supervised_only",
      "param_count": 44257,
      "data_mse_mean": 0.00806174548342824,
      "data_mse_std": 0.002733886068912766,