{
  "device": "cpu",
  "smoke_test": false,
  "max_epochs": 100,
  "callbacks": {
    "early_stopping_patience": 15,
    "reduce_lr_patience": 8,
    "reduce_lr_factor": 0.5,
    "min_lr": 1e-06
  },
  "models": [
    "tapinn",
    "standard_pinn",
    "hyperpinn",
    "deeponet",
    "fno"
  ],
  "comparison_groups": {
    "tapinn": "physics_trained",
    "standard_pinn": "physics_trained",
    "hyperpinn": "physics_trained",
    "deeponet": "physics_trained",
    "fno": "supervised_only"
  },
  "summary": [
    {
      "problem": "allen_cahn",
      "model": "tapinn",
      "comparison_group": "physics_trained",
      "param_count": 16361,
      "data_mse_mean": 0.24399210512638092,
      "data_mse_std": 0.027105490915107326,
      "physics_residual_mean": 0.013185019046068192,
      "physics_residual_std": 0.006570830619729452,
      "epochs_trained_mean": 22.8,
      "epochs_trained_std": 2.9495762407505253,
      "seconds_per_epoch_mean": 0.037166012709459406,
      "inference_ms_mean": 0.3130699486064259
    },
    {
      "problem": "allen_cahn",
      "model": "standard_pinn",
      "comparison_group": "physics_trained",
      "param_count": 8641,
      "data_mse_mean": 0.20508423447608948,
      "data_mse_std": 0.014789264445984131,
      "physics_residual_mean": 0.045906875375658275,
      "physics_residual_std": 0.01437233949184103,
      "epochs_trained_mean": 20.2,
      "epochs_trained_std": 4.494441010848846,
      "seconds_per_epoch_mean": 0.02600832066287728,
      "inference_ms_mean": 0.40205280092777684
    },
    {
      "problem": "allen_cahn",
      "model": "hyperpinn",
      "comparison_group": "physics_trained",
      "param_count": 40225,
      "data_mse_mean": 0.13433661162853242,
      "data_mse_std": 0.08427151236341991,
      "physics_residual_mean": 0.028850203938782217,
      "physics_residual_std": 0.017539651488407693,
      "epochs_trained_mean": 47.8,
      "epochs_trained_std": 28.839209420509434,
      "seconds_per_epoch_mean": 0.04590067904546107,
      "inference_ms_mean": 2.685062550153816
    },
    {
      "problem": "allen_cahn",
      "model": "deeponet",
      "comparison_group": "physics_trained",
      "param_count": 45504,
      "data_mse_mean": 0.1661651313304901,
      "data_mse_std": 0.05698821516426786,
      "physics_residual_mean": 0.056307402160018685,
      "physics_residual_std": 0.010015715755379575,
      "epochs_trained_mean": 45.0,
      "epochs_trained_std": 31.216982557575932,
      "seconds_per_epoch_mean": 0.020498829199253412,
      "inference_ms_mean": 1.0393495998869184
    },
    {
      "problem": "allen_cahn",
      "model": "fno",
      "comparison_group": "supervised_only",
      "param_count": 44257,
      "data_mse_mean": 0.08931482881307602,
      "data_mse_std": 0.04806691052229866,
      "physics_residual_mean": 16.991911029815675,
      "physics_residual_std": 6.191908312513397,
      "epochs_trained_mean": 100.0,
      "epochs_trained_std": 0.0,
      "seconds_per_epoch_mean": 0.03139204128406709,
      "inference_ms_mean": 0.5560245997912716
    },
    {
      "problem": "burgers",
      "model": "tapinn",
      "comparison_group": "physics_trained",
      "param_count": 16361,
      "data_mse_mean": 0.13687846809625626,
      "data_mse_std": 0.01799083680539636,
      "physics_residual_mean": 0.39014996625483034,
      "physics_residual_std": 0.1546915648181112,
      "epochs_trained_mean": 30.4,
      "epochs_trained_std": 11.414902540100814,
      "seconds_per_epoch_mean": 0.037258750167153264,
      "inference_ms_mean": 0.3210863986168988
    },
    {
      "problem": "burgers",
      "model": "standard_pinn",
      "comparison_group": "physics_trained",
      "param_count": 8641,
      "data_mse_mean": 0.10746152549982071,
      "data_mse_std": 0.02828264566341253,
      "physics_residual_mean": 0.6453368414193392,
      "physics_residual_std": 0.1936927165047784,
      "epochs_trained_mean": 37.0,
      "epochs_trained_std": 18.193405398660254,
      "seconds_per_epoch_mean": 0.02655984106660753,
      "inference_ms_mean": 0.3370714002812747
    },
    {
      "problem": "burgers",
      "model": "hyperpinn",
      "comparison_group": "physics_trained",
      "param_count": 40225,
      "data_mse_mean": 0.1351943463087082,
      "data_mse_std": 0.015546210130378163,
      "physics_residual_mean": 0.538236565887928,
      "physics_residual_std": 0.3682213741392939,
      "epochs_trained_mean": 25.8,
      "epochs_trained_std": 10.009995004993758,
      "seconds_per_epoch_mean": 0.04534605349147281,
      "inference_ms_mean": 2.6161764006246813
    },
    {
      "problem": "burgers",
      "model": "deeponet",
      "comparison_group": "physics_trained",
      "param_count": 45504,
      "data_mse_mean": 0.10976574197411537,
      "data_mse_std": 0.03305806902832322,
      "physics_residual_mean": 0.761404892988503,
      "physics_residual_std": 0.311064482036031,
      "epochs_trained_mean": 43.6,
      "epochs_trained_std": 29.720363389433853,
      "seconds_per_epoch_mean": 0.020376002560935476,
      "inference_ms_mean": 0.9062691002327483
    },
    {
      "problem": "burgers",
      "model": "fno",
      "comparison_group": "supervised_only",
      "param_count": 44257,
      "data_mse_mean": 0.054605964571237564,
      "data_mse_std": 0.02911035108829138,
      "physics_residual_mean": 18.87058801651001,
      "physics_residual_std": 21.88919570422732,
      "epochs_trained_mean": 100.0,
      "epochs_trained_std": 0.0,
      "seconds_per_epoch_mean": 0.03141704883624334,
      "inference_ms_mean": 0.5473904508107807
    },
    {
      "problem": "kuramoto_sivashinsky",
      "model": "tapinn",
      "comparison_group": "physics_trained",
      "param_count": 16361,
      "data_mse_mean": 0.15792593359947205,
      "data_mse_std": 0.021243434419053124,
      "physics_residual_mean": 0.16255410388112068,
      "physics_residual_std": 0.051802120701237866,
      "epochs_trained_mean": 41.4,
      "epochs_trained_std": 30.44339008717656,
      "seconds_per_epoch_mean": 0.06630609432175984,
      "inference_ms_mean": 0.31052045087562874
    },
    {
      "problem": "kuramoto_sivashinsky",
      "model": "standard_pinn",
      "comparison_group": "physics_trained",
      "param_count": 8641,
      "data_mse_mean": 0.15322642028331757,
      "data_mse_std": 0.017647491023208957,
      "physics_residual_mean": 0.2305757336318493,
      "physics_residual_std": 0.07199280255798463,
      "epochs_trained_mean": 39.0,
      "epochs_trained_std": 14.230249470757707,
      "seconds_per_epoch_mean": 0.06494379739896913,
      "inference_ms_mean": 0.3601283002353739
    },
    {
      "problem": "kuramoto_sivashinsky",
      "model": "hyperpinn",
      "comparison_group": "physics_trained",
      "param_count": 40225,
      "data_mse_mean": 0.16771567463874817,
      "data_mse_std": 0.016557549575703552,
      "physics_residual_mean": 0.1453728411346674,
      "physics_residual_std": 0.03794569333971322,
      "epochs_trained_mean": 28.6,
      "epochs_trained_std": 12.0124934963562,
      "seconds_per_epoch_mean": 0.06893609917764786,
      "inference_ms_mean": 2.6478182997379918
    },
    {
      "problem": "kuramoto_sivashinsky",
      "model": "deeponet",
      "comparison_group": "physics_trained",
      "param_count": 45504,
      "data_mse_mean": 0.09990264251828193,
      "data_mse_std": 0.046047356060168486,
      "physics_residual_mean": 0.23348783967085182,
      "physics_residual_std": 0.07003136368261932,
      "epochs_trained_mean": 62.0,
      "epochs_trained_std": 31.622776601683793,
      "seconds_per_epoch_mean": 0.04056590147020987,
      "inference_ms_mean": 0.965359799010912
    },
    {
      "problem": "kuramoto_sivashinsky",
      "model": "fno",
      "comparison_group": "supervised_only",
      "param_count": 44257,
      "data_mse_mean": 0.026250476390123366,
      "data_mse_std": 0.006745837834786831,