{
  "device": "cpu",
  "smoke_test": false,
  "max_epochs": 10000,
  "callbacks": {
    "early_stopping_patience": 50,
    "reduce_lr_patience": 20,
    "reduce_lr_factor": 0.5,
    "min_lr": 1e-06
  },
  "models": [
    "tapinn",
    "standard_pinn",
    "hyperpinn",
    "deeponet",
    "fno"
  ],
  "comparison_groups": {
    "tapinn": "physics_trained",
    "standard_pinn": "physics_trained",
    "hyperpinn": "physics_trained",
    "deeponet": "physics_trained",
    "fno": "supervised_only"
  },
  "summary": [
    {
      "problem": "allen_cahn",
      "model": "tapinn",
      "comparison_group": "physics_trained",
      "param_count": 48081,
      "data_mse_mean": 0.05944697558879852,
      "data_mse_std": 0.013810918213424339,
      "physics_residual_mean": 0.005366987500650187,
      "physics_residual_std": 0.0020279102556858444,
      "epochs_trained_mean": 251.8,
      "epochs_trained_std": 46.66583332589273,
      "seconds_per_epoch_mean": 0.14492334497294396,
      "inference_ms_mean": 0.4293013331092273
    },
    {
      "problem": "allen_cahn",
      "model": "standard_pinn",
      "comparison_group": "physics_trained",
      "param_count": 8641,
      "data_mse_mean": 0.05835205912590027,
      "data_mse_std": 0.009118704456727229,
      "physics_residual_mean": 0.001336250282280768,
      "physics_residual_std": 0.0009267512045923359,
      "epochs_trained_mean": 124.8,
      "epochs_trained_std": 30.752235691084316,
      "seconds_per_epoch_mean": 0.10681998783891274,
      "inference_ms_mean": 0.2659417069905127
    },
    {
      "problem": "allen_cahn",
      "model": "hyperpinn",
      "comparison_group": "physics_trained",
      "param_count": 291393,
      "data_mse_mean": 0.05879327580332756,
      "data_mse_std": 0.007717313452725828,
      "physics_residual_mean": 0.00046663710789289324,
      "physics_residual_std": 0.00012232607565641486,
      "epochs_trained_mean": 110.8,
      "epochs_trained_std": 28.083803161252927,
      "seconds_per_epoch_mean": 0.4157990754078159,
      "inference_ms_mean": 8.41119690662405
    },
    {
      "problem": "allen_cahn",
      "model": "deeponet",
      "comparison_group": "physics_trained",
      "param_count": 45504,
      "data_mse_mean": 0.02406322956085205,
      "data_mse_std": 0.010859824496053544,
      "physics_residual_mean": 0.011590088931843639,
      "physics_residual_std": 0.0016922980608836534,
      "epochs_trained_mean": 247.4,
      "epochs_trained_std": 94.14244526248508,
      "seconds_per_epoch_mean": 0.08461643908242768,
      "inference_ms_mean": 1.4091277999492984
    },
    {
      "problem": "allen_cahn",
      "model": "fno",
      "comparison_group": "supervised_only",
      "param_count": 44257,
      "data_mse_mean": 0.014328621514141559,
      "data_mse_std": 0.0032613133497151753,
      "physics_residual_mean": 5.980068772633871,
      "physics_residual_std": 0.8585700961576093,
      "epochs_trained_mean": 982.8,
      "epochs_trained_std": 311.9081595598294,
      "seconds_per_epoch_mean": 0.12832358294823448,
      "inference_ms_mean": 0.3860451331517349
    },
    {
      "problem": "burgers",
      "model": "tapinn",
      "comparison_group": "physics_trained",
      "param_count": 48081,
      "data_mse_mean": 0.018811555951833724,
      "data_mse_std": 0.002181674135113676,
      "physics_residual_mean": 0.015907132661280535,
      "physics_residual_std": 0.010758459827752647,
      "epochs_trained_mean": 179.4,
      "epochs_trained_std": 29.70353514314416,
      "seconds_per_epoch_mean": 0.14357598033959354,
      "inference_ms_mean": 0.383424746687524
    },
    {
      "problem": "burgers",
      "model": "standard_pinn",
      "comparison_group": "physics_trained",
      "param_count": 8641,
      "data_mse_mean": 0.02560565397143364,
      "data_mse_std": 0.0022288910636080717,
      "physics_residual_mean": 0.0007505256110259021,
      "physics_residual_std": 5.9375081984664385e-05,
      "epochs_trained_mean": 175.2,
      "epochs_trained_std": 75.84325942362973,
      "seconds_per_epoch_mean": 0.10593201957134854,
      "inference_ms_mean": 0.26580928009934723
    },
    {
      "problem": "burgers",
      "model": "hyperpinn",
      "comparison_group": "physics_trained",
      "param_count": 291393,
      "data_mse_mean": 0.025062285363674164,
      "data_mse_std": 0.002006608759823995,
      "physics_residual_mean": 0.0030409569873396927,
      "physics_residual_std": 0.0023931598746194027,
      "epochs_trained_mean": 173.4,
      "epochs_trained_std": 25.948024973010952,
      "seconds_per_epoch_mean": 0.4213907659449515,
      "inference_ms_mean": 8.481825346631618
    },
    {
      "problem": "burgers",
      "model": "deeponet",
      "comparison_group": "physics_trained",
      "param_count": 45504,
      "data_mse_mean": 0.006612483132630587,
      "data_mse_std": 0.0012841957139451468,
      "physics_residual_mean": 0.020376243003023167,
      "physics_residual_std": 0.008864442210121557,
      "epochs_trained_mean": 307.4,
      "epochs_trained_std": 98.29191217999576,
      "seconds_per_epoch_mean": 0.0843794839379174,
      "inference_ms_mean": 1.3334113468105595
    },
    {
      "problem": "burgers",
      "model": "fno",
      "comparison_group": "supervised_only",
      "param_count": 44257,
      "data_mse_mean": 0.015236074663698673,
      "data_mse_std": 0.003351517099168744,
      "physics_residual_mean": 3.3738132651646935,
      "physics_residual_std": 0.6086848954246817,
      "epochs_trained_mean": 922.6,
      "epochs_trained_std": 282.8264485510505,
      "seconds_per_epoch_mean": 0.12876532848063765,
      "inference_ms_mean": 0.359542280008706
    },
    {
      "problem": "kuramoto_sivashinsky",
      "model": "tapinn",
      "comparison_group": "physics_trained",
      "param_count": 48081,
      "data_mse_mean": 0.0002699589880649,
      "data_mse_std": 7.832129800537261e-05,
      "physics_residual_mean": 0.01266629505121576,
      "physics_residual_std": 0.004373375760694975,
      "epochs_trained_mean": 350.4,
      "epochs_trained_std": 110.82328275231698,
      "seconds_per_epoch_mean": 0.3156937448861682,
      "inference_ms_mean": 0.3258842798337961
    },
    {
      "problem": "kuramoto_sivashinsky",
      "model": "standard_pinn",
      "comparison_group": "physics_trained",
      "param_count": 8641,
      "data_mse_mean": 0.003796900250017643,
      "data_mse_std": 0.0001629414745511532,
      "physics_residual_mean": 0.007875315227235356,
      "physics_residual_std": 0.0005761530506418346,
      "epochs_trained_mean": 138.2,
      "epochs_trained_std": 42.21611066879563,
      "seconds_per_epoch_mean": 0.2671996659916916,
      "inference_ms_mean": 0.26553206669632345
    },
    {
      "problem": "kuramoto_sivashinsky",
      "model": "hyperpinn",
      "comparison_group": "physics_trained",
      "param_count": 291393,
      "data_mse_mean": 0.003944346494972706,
      "data_mse_std": 0.00019151434484239208,
      "physics_residual_mean": 0.010431753198305766,
      "physics_residual_std": 0.0026227423419677527,
      "epochs_trained_mean": 127.2,
      "epochs_trained_std": 50.67247773693329,
      "seconds_per_epoch_mean": 0.6232042212622695,
      "inference_ms_mean": 9.008982866653241
    },
    {
      "problem": "kuramoto_sivashinsky",
      "model": "deeponet",
      "comparison_group": "physics_trained",
      "param_count": 45504,
      "data_mse_mean": 0.00014115853264229372,
      "data_mse_std": 2.7479693140017715e-05,
      "physics_residual_mean": 0.017316813813825622,
      "physics_residual_std": 0.002994158328642751,
      "epochs_trained_mean": 349.8,
      "epochs_trained_std": 103.90235800981613,
      "seconds_per_epoch_mean": 0.1645832717582044,
      "inference_ms_mean": 1.4115025865612552
    },
    {
      "problem": "kuramoto_sivashinsky",
      "model": "fno",
      "comparison_group": "supervised_only",
      "param_count": 44257,