model_name,comparison_group,param_count,task_param_count_max,data_mse_mean,data_mse_std,physics_residual_mean,physics_residual_std,epochs_trained_mean,epochs_trained_std,inference_ms_mean,inference_ms_std,generalization_gap_mean,generalization_gap_std
tapinn,physics_trained,8426,14313,0.23559661358594894,0.01518382244290332,0.034128529608080334,0.004866815938236905,29.3,6.428452379850068,0.14249781276289883,0.022573812612790036,-0.0012116298079490662,0.013807265388029273
tapinn_large,physics_trained,39106,52353,0.22162194550037384,0.016027124299183147,0.03981577248481864,0.00763277561186618,28.9,4.14427315702042,0.19218023858477615,0.041926966961742154,-0.004835188388824463,0.01651383393476449
hyperpinn,physics_trained,40258,40258,0.16422808840870856,0.034773739369870424,0.057274189571088006,0.004475292083053037,42.6,17.504999285918295,0.7211569634488445,0.060833593752856574,-0.0006602998822927475,0.009889176494481356
hyper_lr_pinn,physics_trained,71886,71886,0.13516949191689492,0.015623585365439039,0.059846363504501905,0.011465937428087648,34.6,8.706319543871567,4.112504596520342,0.06573032651323488,-0.002529992908239365,0.007568010932014745
deeponet,physics_trained,19392,37312,0.15570271238684655,0.026689108400128152,0.0629619257592342,0.010848302116703037,39.1,21.91289574656896,0.2164178432378156,0.03301157848378261,0.0022704415023326874,0.013374010905360612
fno,supervised_only,29186,40161,0.07229419760406017,0.008725468354345112,3.839369316832586,1.6368933659482214,73.6,8.855789067045352,0.21145256908229468,0.0065975274300254915,0.02169392369687557,0.008987297852550105
