model_name,comparison_group,param_count,task_param_count_max,data_mse_mean,data_mse_std,physics_residual_mean,physics_residual_std,epochs_trained_mean,epochs_trained_std,inference_ms_mean,inference_ms_std,generalization_gap_mean,generalization_gap_std
tapinn,physics_trained,8426,14313,0.3133234530687332,0.027174575232005407,0.06416667607528243,0.013594413285852244,46.0,13.624426593438713,0.10912842783992263,0.004393699563977399,0.004665598273277283,0.024539852149721108
tapinn_large,physics_trained,39106,52353,0.28329371064901354,0.012865651769198959,0.062150865014303815,0.0065144189012256585,60.9,12.977865772152215,0.11544898390473629,0.012277702671952963,0.009032094478607177,0.02715262642740896
hyperpinn,physics_trained,40258,40258,0.2875067789107561,0.009131012382437758,0.037577944672243166,0.007280443894929811,58.6,14.715637940639882,0.10907246921719475,0.037356799290110244,0.014333877339959144,0.02401282112484712
hyper_lr_pinn,physics_trained,71886,71886,0.29039506390690806,0.006614147062421142,0.03688472814180634,0.0077674550724783405,40.5,12.5,0.23556877044029534,0.07971526048307798,0.012486018240451813,0.011790611895114537
deeponet,physics_trained,19392,37312,0.22511165216565132,0.01411206589369309,0.06624041625044562,0.007801912573108067,73.0,4.962358310319802,0.09042066294403578,0.004512825051265986,0.055796973034739496,0.017486754696146817
fno,supervised_only,29186,40161,0.16987017914652824,0.03406799047984003,3.385427801121365,0.7844395078789503,72.8,7.58781918603758,0.16240702534560114,0.03897686837666665,0.0681904450058937,0.032295177162135175
