model_name,comparison_group,param_count,task_param_count_max,data_mse_mean,data_mse_std,physics_residual_mean,physics_residual_std,epochs_trained_mean,epochs_trained_std,inference_ms_mean,inference_ms_std,generalization_gap_mean,generalization_gap_std
tapinn,physics_trained,32210,43985,0.235537189245224,0.01417882096683438,0.03812208943746307,0.004150028841195076,28.9,4.204164601915582,0.17445880723905496,0.04001292151928337,-0.002714607119560242,0.015546950923177911
tapinn_large,physics_trained,125858,149409,0.225982965528965,0.017067084896446136,0.03805045925419439,0.006494333452894286,24.4,2.329162939770423,0.32269580784486607,0.03352243996583271,-0.0020948484539985656,0.013596409052386103
hyperpinn,physics_trained,291458,291458,0.13566673621535302,0.01562499238099186,0.054956912310286,0.006083568318287862,42.9,12.193235829754135,2.791662543657532,0.1156551209092982,-0.0009297993034124375,0.009772282154751216
hyper_lr_pinn,physics_trained,71886,71886,0.1356213938444853,0.012862787908289021,0.055432281744751066,0.005575198425002306,33.7,9.602083107326242,3.917149819661228,0.2389171970059997,0.00013288818299770356,0.009327489238894633
deeponet,physics_trained,19392,37312,0.156880534440279,0.03041244193696279,0.05783000636507164,0.006167321786823898,41.5,20.359273071502333,0.22707231279293244,0.044289488831169475,0.003005718067288399,0.012446722177336849
fno,supervised_only,29186,40161,0.07594645265489816,0.015623083350281465,4.742498974434354,2.257480376946326,74.7,9.83996951214789,0.20821922508978538,0.014903368026113212,0.024969727918505668,0.015654384440341392
