problem,data_mse_mean,data_mse_std,physics_residual_mean,physics_residual_std
allen_cahn,0.24399210512638092,0.027105490915107326,0.013185019046068192,0.006570830619729452
burgers,0.13687846809625626,0.01799083680539636,0.39014996625483034,0.1546915648181112
kuramoto_sivashinsky,0.15792593359947205,0.021243434419053124,0.16255410388112068,0.051802120701237866
