problem,data_mse_mean,data_mse_std,physics_residual_mean,physics_residual_std
allen_cahn,0.3277309834957123,0.0,0.022569909691810608,0.0
burgers,0.3268469572067261,0.0,0.02263621613383293,0.0
kuramoto_sivashinsky,0.11622107028961182,0.0,0.0003765873552765697,0.0
