problem,data_mse_mean,data_mse_std,physics_residual_mean,physics_residual_std
allen_cahn,0.19937744736671448,0.018535490287095627,0.06237853802740574,0.012830156156050881
burgers,0.09163608700037003,0.008663264867389626,1.1326127015054226,0.6124978069678656
kuramoto_sivashinsky,0.01029586922377348,0.002932675523946951,0.07085269547533243,0.03898942717082116
