problem,seed,model,family,with_oc,comparison_group,oc_variant,data_mse,relative_l2_error,physics_residual,disambiguation_score,param_count,epochs_trained,best_val_loss,seconds_per_epoch,inference_ms
duffing,42,StandardPINN,StandardPINN,False,physics_trained,without_oc,0.567911684513092,1.109797375141629,0.04867730662226677,,8642,4,inf,0.012574624994158512,0.8024999988265336
duffing,42,StandardPINN_OC,StandardPINN,True,physics_trained,with_oc,0.6067630052566528,1.147130449316049,0.03507194295525551,0.0,28050,4,inf,0.023686924996582093,2.353100004256703
lorenz,42,StandardPINN,StandardPINN,False,physics_trained,without_oc,64.69524383544922,0.7314403643362583,1275.4315185546875,,8707,4,inf,0.0134308999950008,0.7875999872339889
lorenz,42,StandardPINN_OC,StandardPINN,True,physics_trained,with_oc,91.22544860839844,0.868561832689547,980.9237060546875,0.0,28371,4,inf,0.020674274997873,2.251900004921481
kuramoto,42,StandardPINN,StandardPINN,False,physics_trained,without_oc,5.122914791107178,1.2678744696169104,0.09220623970031738,,8837,4,inf,0.017085024999687448,0.7870999979786575
kuramoto,42,StandardPINN_OC,StandardPINN,True,physics_trained,with_oc,5.301480770111084,1.289781878348742,0.07971575856208801,0.0,29013,4,inf,0.025448925003729528,2.416200004518032
