problem,data_mse_mean,data_mse_std,physics_residual_mean,physics_residual_std
duffing,0.1876496732234955,0.016174370161926015,0.05828017468253772,0.006698460087433711
lorenz,0.06619747653603554,0.0029918591354254277,0.043282643257855226,0.013323223093165363
kuramoto,0.11750508546829223,0.018715610831258406,0.061609017533751635,0.015146592269297718
