problem,data_mse_mean,data_mse_std,physics_residual_mean,physics_residual_std
duffing,0.35459566712379453,0.03983876275368912,0.07192672230303288,0.007502244160371244
lorenz,110.6138900756836,13.579949021258727,466.42984853891227,21.532811132498683
kuramoto,3.828524112701416,0.7178172294161684,0.4492456092284276,0.061989360939888015
