problem,data_mse_mean,data_mse_std,physics_residual_mean,physics_residual_std
duffing,0.4346734583377838,0.0,0.04958804324269295,0.0
lorenz,0.1767992377281189,0.0,2.593783140182495,0.0
kuramoto,0.21144947409629822,0.0,0.055610258132219315,0.0
