problem,data_mse_mean,data_mse_std,physics_residual_mean,physics_residual_std
duffing,0.5195898890495301,0.01238970964517935,0.03146973103595277,0.01423174048661326
lorenz,94.6685562133789,28.40421627264504,398.51397780161057,61.38758186525983
kuramoto,3.360923910140991,0.6890920023368625,0.18784601450084693,0.05596492019123656
