problem,data_mse_mean,data_mse_std,physics_residual_mean,physics_residual_std
duffing,0.3601284146308899,0.02183735839863281,0.07210080332699277,0.007627051752991486
lorenz,111.19561462402343,14.389079852066427,461.901169527494,22.234400911611075
kuramoto,3.946942138671875,0.8133824307750457,0.4107966577204374,0.12831677739663533
