{
  "device": "cpu",
  "smoke_test": false,
  "max_epochs": 150,
  "callbacks": {
    "early_stopping_patience": 15,
    "reduce_lr_patience": 8,
    "reduce_lr_factor": 0.5,
    "min_lr": 1e-06
  },
  "models": [
    "tapinn",
    "standard_pinn",
    "hyperpinn",
    "deeponet",
    "fno"
  ],
  "comparison_groups": {
    "tapinn": "physics_trained",
    "standard_pinn": "physics_trained",
    "hyperpinn": "physics_trained",
    "deeponet": "physics_trained",
    "fno": "supervised_only"
  },
  "summary": [
    {
      "problem": "duffing",
      "model": "tapinn",
      "comparison_group": "physics_trained",
      "param_count": 8426,
      "data_mse_mean": 0.1876496732234955,
      "data_mse_std": 0.016174370161926015,
      "physics_residual_mean": 0.05828017468253772,
      "physics_residual_std": 0.006698460087433711,
      "epochs_trained_mean": 28.2,
      "epochs_trained_std": 0.8366600265340756,
      "seconds_per_epoch_mean": 0.1276176003840788,
      "inference_ms_mean": 0.03346656199677714
    },
    {
      "problem": "duffing",
      "model": "standard_pinn",
      "comparison_group": "physics_trained",
      "param_count": 8642,
      "data_mse_mean": 0.19156447052955627,
      "data_mse_std": 0.01652841125570321,
      "physics_residual_mean": 0.053682458861952734,
      "physics_residual_std": 0.002967795821630571,
      "epochs_trained_mean": 29.6,
      "epochs_trained_std": 13.315404612703288,
      "seconds_per_epoch_mean": 0.08379651366158354,
      "inference_ms_mean": 0.026384047426593803
    },
    {
      "problem": "duffing",
      "model": "hyperpinn",
      "comparison_group": "physics_trained",
      "param_count": 40258,
      "data_mse_mean": 0.18658729493618012,
      "data_mse_std": 0.017107786963501046,
      "physics_residual_mean": 0.052818272298290614,
      "physics_residual_std": 0.002871632330464757,
      "epochs_trained_mean": 34.6,
      "epochs_trained_std": 10.573551910309043,
      "seconds_per_epoch_mean": 0.2556510225054995,
      "inference_ms_mean": 0.09362661914478633
    },
    {
      "problem": "duffing",
      "model": "deeponet",
      "comparison_group": "physics_trained",
      "param_count": 20672,
      "data_mse_mean": 0.1629248797893524,
      "data_mse_std": 0.021953522106463327,
      "physics_residual_mean": 0.07196333569784959,
      "physics_residual_std": 0.004532660733507189,
      "epochs_trained_mean": 30.8,
      "epochs_trained_std": 10.256705123966467,
      "seconds_per_epoch_mean": 0.21649761780509807,
      "inference_ms_mean": 0.037927942910409046
    },
    {
      "problem": "duffing",
      "model": "fno",
      "comparison_group": "supervised_only",
      "param_count": 29826,
      "data_mse_mean": 0.08380321711301804,
      "data_mse_std": 0.013648634283173035,
      "physics_residual_mean": 0.12056188171818143,
      "physics_residual_std": 0.006976834846731505,
      "epochs_trained_mean": 48.0,
      "epochs_trained_std": 10.222524150130436,
      "seconds_per_epoch_mean": 0.1031818962179548,
      "inference_ms_mean": 0.0638219429501554
    },
    {
      "problem": "lorenz",
      "model": "tapinn",
      "comparison_group": "physics_trained",
      "param_count": 8587,
      "data_mse_mean": 0.06619747653603554,
      "data_mse_std": 0.0029918591354254277,
      "physics_residual_mean": 0.043282643257855226,
      "physics_residual_std": 0.013323223093165363,
      "epochs_trained_mean": 31.4,
      "epochs_trained_std": 3.2093613071762426,
      "seconds_per_epoch_mean": 0.08415586143426648,
      "inference_ms_mean": 0.047576784765204556
    },
    {
      "problem": "lorenz",
      "model": "standard_pinn",
      "comparison_group": "physics_trained",
      "param_count": 8707,
      "data_mse_mean": 0.06445076242089272,
      "data_mse_std": 0.0026109270243470217,
      "physics_residual_mean": 0.05937111018798672,
      "physics_residual_std": 0.039873216779793316,
      "epochs_trained_mean": 35.2,
      "epochs_trained_std": 8.043631020876083,
      "seconds_per_epoch_mean": 0.05961661692638718,
      "inference_ms_mean": 0.03115503081622032
    },
    {
      "problem": "lorenz",
      "model": "hyperpinn",
      "comparison_group": "physics_trained",
      "param_count": 41347,
      "data_mse_mean": 0.06277987360954285,
      "data_mse_std": 0.0038952528503363487,
      "physics_residual_mean": 0.37397120599276745,
      "physics_residual_std": 0.299025250942712,
      "epochs_trained_mean": 74.4,
      "epochs_trained_std": 23.807561823924768,
      "seconds_per_epoch_mean": 0.17269825011083179,
      "inference_ms_mean": 0.09182121541995841
    },
    {
      "problem": "lorenz",
      "model": "deeponet",
      "comparison_group": "physics_trained",
      "param_count": 26752,
      "data_mse_mean": 0.057901376485824586,
      "data_mse_std": 0.003661845334830873,
      "physics_residual_mean": 0.1342330642044544,
      "physics_residual_std": 0.03010948107483466,
      "epochs_trained_mean": 25.4,
      "epochs_trained_std": 7.162401831787993,
      "seconds_per_epoch_mean": 0.17234947888070093,
      "inference_ms_mean": 0.05931947716117765
    },
    {
      "problem": "lorenz",
      "model": "fno",
      "comparison_group": "supervised_only",
      "param_count": 30819,
      "data_mse_mean": 0.023678309470415115,
      "data_mse_std": 0.010528976468794008,
      "physics_residual_mean": 25.662844874308657,
      "physics_residual_std": 3.154687969804766,
      "epochs_trained_mean": 60.6,
      "epochs_trained_std": 26.529229163320974,
      "seconds_per_epoch_mean": 0.06222760091658135,
      "inference_ms_mean": 0.08270586146793973
    },
    {
      "problem": "kuramoto",
      "model": "tapinn",
      "comparison_group": "physics_trained",
      "param_count": 8909,
      "data_mse_mean": 0.11750508546829223,
      "data_mse_std": 0.018715610831258406,
      "physics_residual_mean": 0.061609017533751635,
      "physics_residual_std": 0.015146592269297718,
      "epochs_trained_mean": 40.6,
      "epochs_trained_std": 6.5038450166036395,
      "seconds_per_epoch_mean": 0.09600208646794142,
      "inference_ms_mean": 0.04532029247806909
    },
    {
      "problem": "kuramoto",
      "model": "standard_pinn",
      "comparison_group": "physics_trained",
      "param_count": 8837,
      "data_mse_mean": 0.12017889469861984,
      "data_mse_std": 0.016028731597054174,
      "physics_residual_mean": 0.056906336467139995,
      "physics_residual_std": 0.008115564544850979,
      "epochs_trained_mean": 26.4,
      "epochs_trained_std": 9.60728889958036,
      "seconds_per_epoch_mean": 0.07332067858901495,
      "inference_ms_mean": 0.04028007701540796
    },
    {
      "problem": "kuramoto",
      "model": "hyperpinn",
      "comparison_group": "physics_trained",
      "param_count": 43525,
      "data_mse_mean": 0.12177854925394058,
      "data_mse_std": 0.017503720021649436,
      "physics_residual_mean": 0.052823675488336726,
      "physics_residual_std": 0.009906710668726976,
      "epochs_trained_mean": 20.0,
      "epochs_trained_std": 5.244044240850758,
      "seconds_per_epoch_mean": 0.19401164476296676,
      "inference_ms_mean": 0.09495024636495285
    },
    {
      "problem": "kuramoto",
      "model": "deeponet",
      "comparison_group": "physics_trained",
      "param_count": 38912,
      "data_mse_mean": 0.06950432881712913,
      "data_mse_std": 0.03177791354836927,
      "physics_residual_mean": 0.18822567358326453,
      "physics_residual_std": 0.05563473081640002,
      "epochs_trained_mean": 32.6,
      "epochs_trained_std": 11.545561917897283,
      "seconds_per_epoch_mean": 0.24812765412573248,
      "inference_ms_mean": 0.06751770762583384
    },
    {
      "problem": "kuramoto",
      "model": "fno",
      "comparison_group": "supervised_only",
      "param_count": 32805,
      "data_mse_mean": 0.036665229499340056,
      "data_mse_std": 0.0035680774483993105,
      "physics_residual_mean": 0.3664724790706084,