{
  "device": "cpu",
  "smoke_test": false,
  "max_epochs": 10000,
  "callbacks": {
    "early_stopping_patience": 50,
    "reduce_lr_patience": 20,
    "reduce_lr_factor": 0.5,
    "min_lr": 1e-06
  },
  "models": [
    "tapinn",
    "standard_pinn",
    "hyperpinn",
    "deeponet",
    "fno"
  ],
  "comparison_groups": {
    "tapinn": "physics_trained",
    "standard_pinn": "physics_trained",
    "hyperpinn": "physics_trained",
    "deeponet": "physics_trained",
    "fno": "supervised_only"
  },
  "summary": [
    {
      "problem": "duffing",
      "model": "tapinn",
      "comparison_group": "physics_trained",
      "param_count": 32210,
      "data_mse_mean": 0.5195898890495301,
      "data_mse_std": 0.01238970964517935,
      "physics_residual_mean": 0.03146973103595277,
      "physics_residual_std": 0.01423174048661326,
      "epochs_trained_mean": 129.2,
      "epochs_trained_std": 52.32303508016331,
      "seconds_per_epoch_mean": 0.7229209436028671,
      "inference_ms_mean": 0.028300563793718106
    },
    {
      "problem": "duffing",
      "model": "standard_pinn",
      "comparison_group": "physics_trained",
      "param_count": 8642,
      "data_mse_mean": 0.4974423885345459,
      "data_mse_std": 0.007558741891471608,
      "physics_residual_mean": 0.0006204867273169968,
      "physics_residual_std": 9.316847249460612e-05,
      "epochs_trained_mean": 124.4,
      "epochs_trained_std": 22.199099080818574,
      "seconds_per_epoch_mean": 0.40422629857039,
      "inference_ms_mean": 0.0190600475928347
    },
    {
      "problem": "duffing",
      "model": "hyperpinn",
      "comparison_group": "physics_trained",
      "param_count": 291458,
      "data_mse_mean": 0.5270063877105713,
      "data_mse_std": 0.0070277063933789205,
      "physics_residual_mean": 0.03985245742435966,
      "physics_residual_std": 0.0033065848682247295,
      "epochs_trained_mean": 113.4,
      "epochs_trained_std": 59.55921423256019,
      "seconds_per_epoch_mean": 4.8188046051521765,
      "inference_ms_mean": 0.6079322914315742
    },
    {
      "problem": "duffing",
      "model": "deeponet",
      "comparison_group": "physics_trained",
      "param_count": 20672,
      "data_mse_mean": 0.4456940650939941,
      "data_mse_std": 0.007597568512766411,
      "physics_residual_mean": 0.0035802347717496254,
      "physics_residual_std": 0.00031030264971046244,
      "epochs_trained_mean": 75.8,
      "epochs_trained_std": 18.430952227163957,
      "seconds_per_epoch_mean": 1.0609536503807921,
      "inference_ms_mean": 0.04701841140298971
    },
    {
      "problem": "duffing",
      "model": "fno",
      "comparison_group": "supervised_only",
      "param_count": 29826,
      "data_mse_mean": 0.16150850355625151,
      "data_mse_std": 0.00969564167477054,
      "physics_residual_mean": 0.1792956105726106,
      "physics_residual_std": 0.017093067526088558,
      "epochs_trained_mean": 209.0,
      "epochs_trained_std": 31.567388235329194,
      "seconds_per_epoch_mean": 0.4760945014889868,
      "inference_ms_mean": 0.027798805718443224
    },
    {
      "problem": "lorenz",
      "model": "tapinn",
      "comparison_group": "physics_trained",
      "param_count": 32531,
      "data_mse_mean": 94.6685562133789,
      "data_mse_std": 28.40421627264504,
      "physics_residual_mean": 398.51397780161057,
      "physics_residual_std": 61.38758186525983,
      "epochs_trained_mean": 101.0,
      "epochs_trained_std": 46.866832621801954,
      "seconds_per_epoch_mean": 0.47906191359858996,
      "inference_ms_mean": 0.03515125403831166
    },
    {
      "problem": "lorenz",
      "model": "standard_pinn",
      "comparison_group": "physics_trained",
      "param_count": 8707,
      "data_mse_mean": 118.00758819580078,
      "data_mse_std": 6.130847887560174,
      "physics_residual_mean": 2.1957355591985914,
      "physics_residual_std": 1.0095868640020695,
      "epochs_trained_mean": 51.8,
      "epochs_trained_std": 1.3038404810405297,
      "seconds_per_epoch_mean": 0.2814499683110165,
      "inference_ms_mean": 0.019798206400111436
    },
    {
      "problem": "lorenz",
      "model": "hyperpinn",
      "comparison_group": "physics_trained",
      "param_count": 295683,
      "data_mse_mean": 193.76194458007814,
      "data_mse_std": 11.342035723956837,
      "physics_residual_mean": 56.26904985942538,
      "physics_residual_std": 6.615856715249366,
      "epochs_trained_mean": 57.4,
      "epochs_trained_std": 1.816590212458495,
      "seconds_per_epoch_mean": 2.908458591756579,
      "inference_ms_mean": 0.5997109238431597
    },
    {
      "problem": "lorenz",
      "model": "deeponet",
      "comparison_group": "physics_trained",
      "param_count": 26752,
      "data_mse_mean": 23.598661804199217,
      "data_mse_std": 4.424374657965819,
      "physics_residual_mean": 270.6982756236243,
      "physics_residual_std": 34.085841616345625,
      "epochs_trained_mean": 218.2,
      "epochs_trained_std": 53.03489417355332,
      "seconds_per_epoch_mean": 0.8277411613658102,
      "inference_ms_mean": 0.05746977145059241
    },
    {
      "problem": "lorenz",
      "model": "fno",
      "comparison_group": "supervised_only",
      "param_count": 30819,
      "data_mse_mean": 261.66954040527344,
      "data_mse_std": 10.265588643710577,
      "physics_residual_mean": 26.552056515406047,
      "physics_residual_std": 1.9091282731449377,
      "epochs_trained_mean": 116.4,
      "epochs_trained_std": 18.03607496103296,
      "seconds_per_epoch_mean": 0.29337792143447883,
      "inference_ms_mean": 0.029882088918904107
    },
    {
      "problem": "kuramoto",
      "model": "tapinn",
      "comparison_group": "physics_trained",
      "param_count": 33173,
      "data_mse_mean": 3.360923910140991,
      "data_mse_std": 0.6890920023368625,
      "physics_residual_mean": 0.18784601450084693,
      "physics_residual_std": 0.05596492019123656,
      "epochs_trained_mean": 141.2,
      "epochs_trained_std": 101.01831517106193,
      "seconds_per_epoch_mean": 0.5507620920820877,
      "inference_ms_mean": 0.034332780965736935
    },
    {
      "problem": "kuramoto",
      "model": "standard_pinn",
      "comparison_group": "physics_trained",
      "param_count": 8837,
      "data_mse_mean": 6.120980453491211,
      "data_mse_std": 0.3387686895369344,
      "physics_residual_mean": 0.048119255849381995,
      "physics_residual_std": 0.005980838588323872,
      "epochs_trained_mean": 160.4,
      "epochs_trained_std": 102.32937017298602,
      "seconds_per_epoch_mean": 0.3487894922654559,
      "inference_ms_mean": 0.019780238064759897
    },
    {
      "problem": "kuramoto",
      "model": "hyperpinn",
      "comparison_group": "physics_trained",
      "param_count": 304133,
      "data_mse_mean": 6.370873832702637,
      "data_mse_std": 0.7099887337793629,
      "physics_residual_mean": 0.05321025760873916,
      "physics_residual_std": 0.007961814394716665,
      "epochs_trained_mean": 66.8,
      "epochs_trained_std": 16.66433316997713,
      "seconds_per_epoch_mean": 3.089869096343065,
      "inference_ms_mean": 0.6317782571949508
    },
    {
      "problem": "kuramoto",
      "model": "deeponet",
      "comparison_group": "physics_trained",
      "param_count": 38912,
      "data_mse_mean": 1.5671304941177369,
      "data_mse_std": 0.19455475760242824,
      "physics_residual_mean": 0.256693310290575,
      "physics_residual_std": 0.03674180196010341,
      "epochs_trained_mean": 174.2,
      "epochs_trained_std": 60.20132888898716,
      "seconds_per_epoch_mean": 1.1883498785239244,
      "inference_ms_mean": 0.1126123745168101
    },
    {
      "problem": "kuramoto",
      "model": "fno",
      "comparison_group": "supervised_only",
      "param_count": 32805,
      "data_mse_mean": 5.137369441986084,
      "data_mse_std": 0.3651942865470053,
      "physics_residual_mean": 0.2711156233317322,
      "physics_residual_std": 0.0250316850871505,