{
  "device": "cuda",
  "smoke_test": false,
  "max_epochs": 150,
  "callbacks": {
    "early_stopping_patience": 15,
    "reduce_lr_patience": 8,
    "reduce_lr_factor": 0.5,
    "min_lr": 1e-06
  },
  "models": [
    "tapinn",
    "standard_pinn",
    "hyperpinn",
    "deeponet",
    "fno"
  ],
  "comparison_groups": {
    "tapinn": "physics_trained",
    "standard_pinn": "physics_trained",
    "hyperpinn": "physics_trained",
    "deeponet": "physics_trained",
    "fno": "supervised_only"
  },
  "summary": [
    {
      "problem": "duffing",
      "model": "tapinn",
      "comparison_group": "physics_trained",
      "param_count": 8426,
      "data_mse_mean": 0.3601284146308899,
      "data_mse_std": 0.02183735839863281,
      "physics_residual_mean": 0.07210080332699277,
      "physics_residual_std": 0.007627051752991486,
      "epochs_trained_mean": 57.8,
      "epochs_trained_std": 33.36465195382682,
      "seconds_per_epoch_mean": 0.1701040814146896,
      "inference_ms_mean": 0.03661389540260036
    },
    {
      "problem": "duffing",
      "model": "standard_pinn",
      "comparison_group": "physics_trained",
      "param_count": 8642,
      "data_mse_mean": 0.491733717918396,
      "data_mse_std": 0.01181433506438892,
      "physics_residual_mean": 0.04783980788751727,
      "physics_residual_std": 0.00621319427728762,
      "epochs_trained_mean": 25.4,
      "epochs_trained_std": 8.820430828479978,
      "seconds_per_epoch_mean": 0.1401762658545111,
      "inference_ms_mean": 0.027226771427584544
    },
    {
      "problem": "duffing",
      "model": "hyperpinn",
      "comparison_group": "physics_trained",
      "param_count": 40258,
      "data_mse_mean": 0.4770853042602539,
      "data_mse_std": 0.026726239796342838,
      "physics_residual_mean": 0.055231989050904914,
      "physics_residual_std": 0.006410415591405849,
      "epochs_trained_mean": 38.6,
      "epochs_trained_std": 11.907980517283356,
      "seconds_per_epoch_mean": 0.15780383366239745,
      "inference_ms_mean": 0.031229552613305192
    },
    {
      "problem": "duffing",
      "model": "deeponet",
      "comparison_group": "physics_trained",
      "param_count": 20672,
      "data_mse_mean": 0.2958231419324875,
      "data_mse_std": 0.05869483509100253,
      "physics_residual_mean": 0.07753511365680467,
      "physics_residual_std": 0.005793729554201025,
      "epochs_trained_mean": 42.2,
      "epochs_trained_std": 9.959919678390985,
      "seconds_per_epoch_mean": 0.15314585588144425,
      "inference_ms_mean": 0.03222700934635386
    },
    {
      "problem": "duffing",
      "model": "fno",
      "comparison_group": "supervised_only",
      "param_count": 29826,
      "data_mse_mean": 0.22759751379489898,
      "data_mse_std": 0.04681559297543686,
      "physics_residual_mean": 0.1313116195301215,
      "physics_residual_std": 0.017757771848351527,
      "epochs_trained_mean": 50.4,
      "epochs_trained_std": 18.20164827701052,
      "seconds_per_epoch_mean": 0.09186084453792838,
      "inference_ms_mean": 0.0483751809778845
    },
    {
      "problem": "lorenz",
      "model": "tapinn",
      "comparison_group": "physics_trained",
      "param_count": 8587,
      "data_mse_mean": 111.19561462402343,
      "data_mse_std": 14.389079852066427,
      "physics_residual_mean": 461.901169527494,
      "physics_residual_std": 22.234400911611075,
      "epochs_trained_mean": 81.2,
      "epochs_trained_std": 19.892209530366404,
      "seconds_per_epoch_mean": 0.10515447886607773,
      "inference_ms_mean": 0.07091656936189303
    },
    {
      "problem": "lorenz",
      "model": "standard_pinn",
      "comparison_group": "physics_trained",
      "param_count": 8707,
      "data_mse_mean": 109.9743408203125,
      "data_mse_std": 10.499798770241485,
      "physics_residual_mean": 437.78062955416164,
      "physics_residual_std": 35.99105370390949,
      "epochs_trained_mean": 45.0,
      "epochs_trained_std": 29.75735203273302,
      "seconds_per_epoch_mean": 0.09774611482699663,
      "inference_ms_mean": 0.03536104609688314
    },
    {
      "problem": "lorenz",
      "model": "hyperpinn",
      "comparison_group": "physics_trained",
      "param_count": 41347,
      "data_mse_mean": 92.74961700439454,
      "data_mse_std": 22.571425108115,
      "physics_residual_mean": 72.69041979863094,
      "physics_residual_std": 60.844554101654595,
      "epochs_trained_mean": 19.0,
      "epochs_trained_std": 3.24037034920393,
      "seconds_per_epoch_mean": 0.10487116841695843,
      "inference_ms_mean": 0.0464999690078772
    },
    {
      "problem": "lorenz",
      "model": "deeponet",
      "comparison_group": "physics_trained",
      "param_count": 26752,
      "data_mse_mean": 52.16075820922852,
      "data_mse_std": 11.8679747997049,
      "physics_residual_mean": 93.07756222944994,
      "physics_residual_std": 41.13073155105171,
      "epochs_trained_mean": 36.8,
      "epochs_trained_std": 9.67987603226405,
      "seconds_per_epoch_mean": 0.10333484579467815,
      "inference_ms_mean": 0.049955907832974426
    },
    {
      "problem": "lorenz",
      "model": "fno",
      "comparison_group": "supervised_only",
      "param_count": 30819,
      "data_mse_mean": 23.56141185760498,
      "data_mse_std": 7.475569476112471,
      "physics_residual_mean": 1389.7612229567308,
      "physics_residual_std": 281.8139280512296,
      "epochs_trained_mean": 96.4,
      "epochs_trained_std": 37.3001340480165,
      "seconds_per_epoch_mean": 0.055652455259687886,
      "inference_ms_mean": 0.07235423097601877
    },
    {
      "problem": "kuramoto",
      "model": "tapinn",
      "comparison_group": "physics_trained",
      "param_count": 8909,
      "data_mse_mean": 3.946942138671875,
      "data_mse_std": 0.8133824307750457,
      "physics_residual_mean": 0.4107966577204374,
      "physics_residual_std": 0.12831677739663533,
      "epochs_trained_mean": 69.4,
      "epochs_trained_std": 18.568791021496256,
      "seconds_per_epoch_mean": 0.12473609722786476,
      "inference_ms_mean": 0.06014319996421154
    },
    {
      "problem": "kuramoto",
      "model": "standard_pinn",
      "comparison_group": "physics_trained",
      "param_count": 8837,
      "data_mse_mean": 5.044958877563476,
      "data_mse_std": 0.883315686462139,
      "physics_residual_mean": 0.4990411011931988,
      "physics_residual_std": 0.08453399824744079,
      "epochs_trained_mean": 38.0,
      "epochs_trained_std": 19.912307751739878,
      "seconds_per_epoch_mean": 0.12821316945493327,
      "inference_ms_mean": 0.03693087671238643
    },
    {
      "problem": "kuramoto",
      "model": "hyperpinn",
      "comparison_group": "physics_trained",
      "param_count": 43525,
      "data_mse_mean": 5.129611873626709,
      "data_mse_std": 0.9304591492418431,
      "physics_residual_mean": 0.45836952122358177,
      "physics_residual_std": 0.09546019706675957,
      "epochs_trained_mean": 25.8,
      "epochs_trained_std": 10.871982339941507,
      "seconds_per_epoch_mean": 0.1313281517117999,
      "inference_ms_mean": 0.048564846376673534
    },
    {
      "problem": "kuramoto",
      "model": "deeponet",
      "comparison_group": "physics_trained",
      "param_count": 38912,
      "data_mse_mean": 1.9366325855255127,
      "data_mse_std": 0.5341060624048333,
      "physics_residual_mean": 0.5252204928260583,
      "physics_residual_std": 0.10205901841964263,
      "epochs_trained_mean": 29.6,
      "epochs_trained_std": 8.820430828479978,
      "seconds_per_epoch_mean": 0.13156817657041664,
      "inference_ms_mean": 0.049088846516007416
    },
    {
      "problem": "kuramoto",
      "model": "fno",
      "comparison_group": "supervised_only",
      "param_count": 32805,
      "data_mse_mean": 1.8209020376205445,
      "data_mse_std": 0.09020660170606222,
      "physics_residual_mean": 1.1204304149517645,
      "physics_residual_std": 0.2110831811679071,
      "epochs_trained_mean": 35.4,