{
  "device": "cpu",
  "smoke_test": false,
  "max_epochs": 150,
  "callbacks": {
    "early_stopping_patience": 15,
    "reduce_lr_patience": 8,
    "reduce_lr_factor": 0.5,
    "min_lr": 1e-06
  },
  "models": [
    "tapinn",
    "standard_pinn",
    "hyperpinn",
    "deeponet",
    "fno"
  ],
  "comparison_groups": {
    "tapinn": "physics_trained",
    "standard_pinn": "physics_trained",
    "hyperpinn": "physics_trained",
    "deeponet": "physics_trained",
    "fno": "supervised_only"
  },
  "summary": [
    {
      "problem": "duffing",
      "model": "tapinn",
      "comparison_group": "physics_trained",
      "param_count": 8426,
      "data_mse_mean": 0.35459566712379453,
      "data_mse_std": 0.03983876275368912,
      "physics_residual_mean": 0.07192672230303288,
      "physics_residual_std": 0.007502244160371244,
      "epochs_trained_mean": 79.2,
      "epochs_trained_std": 37.532652450899334,
      "seconds_per_epoch_mean": 0.05477880501569088,
      "inference_ms_mean": 0.03456469522851486
    },
    {
      "problem": "duffing",
      "model": "standard_pinn",
      "comparison_group": "physics_trained",
      "param_count": 8642,
      "data_mse_mean": 0.4914553701877594,
      "data_mse_std": 0.014482554131174188,
      "physics_residual_mean": 0.04736040218600205,
      "physics_residual_std": 0.006810658205629016,
      "epochs_trained_mean": 35.0,
      "epochs_trained_std": 15.116216457830975,
      "seconds_per_epoch_mean": 0.051930710439575714,
      "inference_ms_mean": 0.024821571440995848
    },
    {
      "problem": "duffing",
      "model": "hyperpinn",
      "comparison_group": "physics_trained",
      "param_count": 40258,
      "data_mse_mean": 0.4900724649429321,
      "data_mse_std": 0.033027180418175164,
      "physics_residual_mean": 0.05713551858706133,
      "physics_residual_std": 0.009423567449347558,
      "epochs_trained_mean": 22.8,
      "epochs_trained_std": 5.357238094391549,
      "seconds_per_epoch_mean": 0.15213437943897937,
      "inference_ms_mean": 0.109823971425136
    },
    {
      "problem": "duffing",
      "model": "deeponet",
      "comparison_group": "physics_trained",
      "param_count": 20672,
      "data_mse_mean": 0.3061936318874359,
      "data_mse_std": 0.05744450978120314,
      "physics_residual_mean": 0.07554165231330054,
      "physics_residual_std": 0.008030516525678565,
      "epochs_trained_mean": 43.0,
      "epochs_trained_std": 20.615528128088304,
      "seconds_per_epoch_mean": 0.12988058028654825,
      "inference_ms_mean": 0.04057160951474327
    },
    {
      "problem": "duffing",
      "model": "fno",
      "comparison_group": "supervised_only",
      "param_count": 29826,
      "data_mse_mean": 0.24053989052772523,
      "data_mse_std": 0.03798458154090282,
      "physics_residual_mean": 0.12545335487950415,
      "physics_residual_std": 0.018387407084520923,
      "epochs_trained_mean": 46.0,
      "epochs_trained_std": 10.344080432788601,
      "seconds_per_epoch_mean": 0.10031578638900301,
      "inference_ms_mean": 0.06894515237425886
    },
    {
      "problem": "lorenz",
      "model": "tapinn",
      "comparison_group": "physics_trained",
      "param_count": 8587,
      "data_mse_mean": 110.6138900756836,
      "data_mse_std": 13.579949021258727,
      "physics_residual_mean": 466.42984853891227,
      "physics_residual_std": 21.532811132498683,
      "epochs_trained_mean": 88.0,
      "epochs_trained_std": 14.983324063771697,
      "seconds_per_epoch_mean": 0.035731407201860015,
      "inference_ms_mean": 0.04479678462722894
    },
    {
      "problem": "lorenz",
      "model": "standard_pinn",
      "comparison_group": "physics_trained",
      "param_count": 8707,
      "data_mse_mean": 110.2801528930664,
      "data_mse_std": 11.847481574823934,
      "physics_residual_mean": 436.22784846379204,
      "physics_residual_std": 24.028988127511962,
      "epochs_trained_mean": 37.4,
      "epochs_trained_std": 18.22909761891685,
      "seconds_per_epoch_mean": 0.035958765027504114,
      "inference_ms_mean": 0.026332846167721212
    },
    {
      "problem": "lorenz",
      "model": "hyperpinn",
      "comparison_group": "physics_trained",
      "param_count": 41347,
      "data_mse_mean": 92.67300415039062,
      "data_mse_std": 22.036104388423908,
      "physics_residual_mean": 51.54610541417048,
      "physics_residual_std": 15.46503277708743,
      "epochs_trained_mean": 22.4,
      "epochs_trained_std": 7.6681158050723255,
      "seconds_per_epoch_mean": 0.10224230361459007,
      "inference_ms_mean": 0.0875713999938363
    },
    {
      "problem": "lorenz",
      "model": "deeponet",
      "comparison_group": "physics_trained",
      "param_count": 26752,
      "data_mse_mean": 52.68091506958008,
      "data_mse_std": 11.367525679736254,
      "physics_residual_mean": 123.53250163151668,
      "physics_residual_std": 68.92599341473216,
      "epochs_trained_mean": 25.0,
      "epochs_trained_std": 7.106335201775948,
      "seconds_per_epoch_mean": 0.10515642202302354,
      "inference_ms_mean": 0.050108261558097396
    },
    {
      "problem": "lorenz",
      "model": "fno",
      "comparison_group": "supervised_only",
      "param_count": 30819,
      "data_mse_mean": 22.972612380981445,
      "data_mse_std": 7.674099026336485,
      "physics_residual_mean": 1612.5942288912258,
      "physics_residual_std": 315.88142292320885,
      "epochs_trained_mean": 111.8,
      "epochs_trained_std": 28.208154849263007,
      "seconds_per_epoch_mean": 0.061527229242972055,
      "inference_ms_mean": 0.09971441538185061
    },
    {
      "problem": "kuramoto",
      "model": "tapinn",
      "comparison_group": "physics_trained",
      "param_count": 8909,
      "data_mse_mean": 3.828524112701416,
      "data_mse_std": 0.7178172294161684,
      "physics_residual_mean": 0.4492456092284276,
      "physics_residual_std": 0.061989360939888015,
      "epochs_trained_mean": 82.2,
      "epochs_trained_std": 30.63005060394122,
      "seconds_per_epoch_mean": 0.03959311783587991,
      "inference_ms_mean": 0.04265679998262875
    },
    {
      "problem": "kuramoto",
      "model": "standard_pinn",
      "comparison_group": "physics_trained",
      "param_count": 8837,
      "data_mse_mean": 5.045728588104248,
      "data_mse_std": 0.8774303929362576,
      "physics_residual_mean": 0.4850229473068164,
      "physics_residual_std": 0.09543959079511993,
      "epochs_trained_mean": 33.2,
      "epochs_trained_std": 12.029131306956458,
      "seconds_per_epoch_mean": 0.045719013097788884,
      "inference_ms_mean": 0.030262184638838965
    },
    {
      "problem": "kuramoto",
      "model": "hyperpinn",
      "comparison_group": "physics_trained",
      "param_count": 43525,
      "data_mse_mean": 5.151970529556275,
      "data_mse_std": 0.946231575905641,
      "physics_residual_mean": 0.47048297747969625,
      "physics_residual_std": 0.08228324606609988,
      "epochs_trained_mean": 18.6,
      "epochs_trained_std": 2.5099800796022267,
      "seconds_per_epoch_mean": 0.11871654554414543,
      "inference_ms_mean": 0.09025761540285132
    },
    {
      "problem": "kuramoto",
      "model": "deeponet",
      "comparison_group": "physics_trained",
      "param_count": 38912,
      "data_mse_mean": 1.9288808822631835,
      "data_mse_std": 0.5947437724129198,
      "physics_residual_mean": 0.5569701559841633,
      "physics_residual_std": 0.08953629638771617,
      "epochs_trained_mean": 27.2,
      "epochs_trained_std": 12.794530081249565,
      "seconds_per_epoch_mean": 0.1578029744154536,
      "inference_ms_mean": 0.06088546156556381
    },
    {
      "problem": "kuramoto",
      "model": "fno",
      "comparison_group": "supervised_only",
      "param_count": 32805,
      "data_mse_mean": 1.8110435962677003,
      "data_mse_std": 0.24851728453242009,
      "physics_residual_mean": 1.1056802018330647,
      "physics_residual_std": 0.20606781423675694,