problem,model,window_fraction,observed_steps,forecast_error_mean,forecast_error_std
duffing,tapinn,0.1,16,0.4472343623638153,0.0
duffing,fno,0.1,16,0.42718306183815,0.0
duffing,tapinn,0.2,32,0.2919492721557617,0.0
duffing,fno,0.2,32,0.36817967891693115,0.0
allen_cahn,tapinn,0.1,3,0.1193687692284584,0.0
allen_cahn,fno,0.1,3,0.32819658517837524,0.0
allen_cahn,tapinn,0.2,7,0.2836584150791168,0.0
allen_cahn,fno,0.2,7,0.3283984959125519,0.0
