window_fraction,observed_steps,forecast_error
0.01,2,0.5117861032485962
0.02,4,0.500837504863739
0.05,8,0.4819663465023041
0.1,16,0.3340146243572235
0.2,32,0.41878843307495117
